[
  {
    "id": "1",
    "status": "Active",
    "posX": 0.0,
    "posY": 0.0,
    "priceEurKwh": 0.35,
    "state": "CHARGING",
    "lastSeen": "Sun Nov 02 04:46:07 CET 2025",
    "connectedVehicleId": "1",
    "currentPowerKw": 50.0,
    "totalEnergySuppliedKwh": 2.2778,
    "currentChargingCost": 0.79723
  },
  {
    "id": "2",
    "status": "working",
    "posX": 8.0,
    "posY": 8.0,
    "priceEurKwh": 0.37,
    "state": "AVAILABLE",
    "lastSeen": "Sun Nov 02 04:44:13 CET 2025",
    "connectedVehicleId": "1",
    "currentPowerKw": 50.0,
    "totalEnergySuppliedKwh": 3.9028,
    "currentChargingCost": 1.444036
  },
  {
    "id": "3",
    "status": "Damaged",
    "posX": 9.2,
    "posY": 5.1,
    "priceEurKwh": 0.3,
    "state": "AVAILABLE",
    "lastSeen": "2025-09-30T09:00:00Z",
    "currentPowerKw": 0.0,
    "totalEnergySuppliedKwh": 300.0,
    "currentChargingCost": 0.0
  },
  {
    "id": "4",
    "status": "offline",
    "posX": 14.5,
    "posY": 3.3,
    "priceEurKwh": 0.4,
    "state": "AVAILABLE",
    "lastSeen": "2025-10-20T08:00:00Z",
    "currentPowerKw": 0.0,
    "totalEnergySuppliedKwh": 0.0,
    "currentChargingCost": 0.0
  },
  {
    "id": "5",
    "status": "working",
    "posX": 7.0,
    "posY": 11.0,
    "priceEurKwh": 0.33,
    "state": "AVAILABLE",
    "lastSeen": "2025-10-20T12:00:00Z",
    "currentPowerKw": 22.0,
    "totalEnergySuppliedKwh": 450.2,
    "currentChargingCost": 3.63
  },
  {
    "id": "6",
    "status": "Active",
    "posX": 20.0,
    "posY": 5.0,
    "priceEurKwh": 0.29,
    "state": "AVAILABLE",
    "lastSeen": "2025-10-20T12:30:00Z",
    "currentPowerKw": 0.0,
    "totalEnergySuppliedKwh": 50.0,
    "currentChargingCost": 0.0
  },
  {
    "id": "7",
    "status": "working",
    "posX": 2.5,
    "posY": 9.6,
    "priceEurKwh": 0.45,
    "state": "AVAILABLE",
    "lastSeen": "2025-10-19T18:22:05Z",
    "currentPowerKw": 0.0,
    "totalEnergySuppliedKwh": 1200.0,
    "currentChargingCost": 0.0
  },
  {
    "id": "8",
    "status": "Damaged",
    "posX": 16.7,
    "posY": 14.4,
    "priceEurKwh": 0.31,
    "state": "AVAILABLE",
    "lastSeen": "2025-10-15T07:10:00Z",
    "currentPowerKw": 0.0,
    "totalEnergySuppliedKwh": 78.4,
    "currentChargingCost": 0.0
  },
  {
    "id": "9",
    "status": "offline",
    "posX": 99.0,
    "posY": 80.0,
    "priceEurKwh": 1.0,
    "state": "DISCONNECTED",
    "lastSeen": "Sun Nov 02 04:31:40 CET 2025",
    "currentPowerKw": 0.0,
    "totalEnergySuppliedKwh": 0.0,
    "currentChargingCost": 0.0
  },
  {
    "id": "10",
    "status": "working",
    "posX": 11.1,
    "posY": 6.6,
    "priceEurKwh": 0.36,
    "state": "AVAILABLE",
    "lastSeen": "2025-10-20T12:45:30Z",
    "currentPowerKw": 120.0,
    "totalEnergySuppliedKwh": 2300.0,
    "currentChargingCost": 10.8
  },
  {
    "id": "99",
    "status": "New",
    "posX": 0.0,
    "posY": 0.0,
    "priceEurKwh": 0.35,
    "state": "CHARGING",
    "lastSeen": "Sat Nov 01 16:09:51 CET 2025",
    "connectedVehicleId": "1",
    "currentPowerKw": 50.0,
    "totalEnergySuppliedKwh": 2.9306,
    "currentChargingCost": 1.02571
  }
]