[
  { "id": "1", "gmail": "omar.haddad1@gmail.com", "name": "Omar Haddad" },
  { "id": "2", "gmail": "lucia.martinez.ua@gmail.com", "name": "Lucía Martínez" },
  { "id": "3", "gmail": "carlos.garcia92@gmail.com", "name": "Carlos García" },
  { "id": "4", "gmail": "maya.nassar.lv@gmail.com", "name": "Maya Nassar" },
  { "id": "5", "gmail": "alejandro.ruiz@gmail.com", "name": "Alejandro Ruiz" },
  { "id": "6", "gmail": "sofia.lopez203@gmail.com", "name": "Sofía López" },
  { "id": "7", "gmail": "ibrahim.khalil.lv@gmail.com", "name": "Ibrahim Khalil" },
  { "id": "8", "gmail": "emma.johnson.drive@gmail.com", "name": "Emma Johnson" },
  { "id": "9", "gmail": "mateo.fernandez.ua@gmail.com", "name": "Mateo Fernández" },
  { "id": "10", "gmail": "nora.saliba@gmail.com", "name": "Nora Saliba" }
]
